{
  "project_info": {
    "project_number": "617176916167",
    "project_id": "login-register-firebase-135d8",
    "storage_bucket": "login-register-firebase-135d8.appspot.com"
  },
  "client": [
    {
      "client_info": {
        "mobilesdk_app_id": "1:617176916167:android:51ab44f46f7b75cb475ee2",
        "android_client_info": {
          "package_name": "com.first.table"
        }
      },
      "oauth_client": [
        {
          "client_id": "617176916167-qjvb3hhtftm283v39r4uoa1ofhds2p2i.apps.googleusercontent.com",
          "client_type": 3
        }
      ],
      "api_key": [
        {
          "current_key": "AIzaSyDsTbhRNVuIbXDCtSLaEmQDmxYUrmIUvSQ"
        }
      ],
      "services": {
        "appinvite_service": {
          "other_platform_oauth_client": [
            {
              "client_id": "617176916167-qjvb3hhtftm283v39r4uoa1ofhds2p2i.apps.googleusercontent.com",
              "client_type": 3
            }
          ]
        }
      }
    },
    {
      "client_info": {
        "mobilesdk_app_id": "1:617176916167:android:af2a928bb941ef3f475ee2",
        "android_client_info": {
          "package_name": "com.first.wedding"
        }
      },
      "oauth_client": [
        {
          "client_id": "617176916167-qjvb3hhtftm283v39r4uoa1ofhds2p2i.apps.googleusercontent.com",
          "client_type": 3
        }
      ],
      "api_key": [
        {
          "current_key": "AIzaSyDsTbhRNVuIbXDCtSLaEmQDmxYUrmIUvSQ"
        }
      ],
      "services": {
        "appinvite_service": {
          "other_platform_oauth_client": [
            {
              "client_id": "617176916167-qjvb3hhtftm283v39r4uoa1ofhds2p2i.apps.googleusercontent.com",
              "client_type": 3
            }
          ]
        }
      }
    }
  ],
  "configuration_version": "1"
}